dirigeant
"Murielle, Sylvie PARISSE, né(e) en février 1972 | Jeff, Maurice, Robert SIX-JACOB, né(e) en juin 1973"
"Jeremy, Marcel GUENOUN (GUENOUN), né(e) en octobre 1992 | Rudolphe, Meneheim IFERGANE, né(e) en juin 1976"
"ERNST & YOUNG AUDIT - 344 366 315
5710 | François, Jean-Charles CHATEL, né(e) en avril 1973 | Fabien, Dominique RIBIER, né(e) en août 1982"
"Maximilien, Jean, Baptiste GIANNELLI (GIANNELLI), né(e) en juin 1980 | NAMMU CAPITAL - 919 927 475
5499"
"HOLDING FINANCIERE MORONI - 381 516 509
5699 | PRICEWATERHOUSECOOPERS AUDIT - 672 006 483
5710 | Esther, Esther MORONI, né(e) en septembre 1986 | Hugues, Philippe MORONI, né(e) en mars 1978 | Jean-Sebastien MORONI, né(e) en novembre 1984 | Remy, Charles, Ange, Ferdinand MORONI, né(e) en janvier 1956 | Anne-Sophie, Johana, Helene MORONI (MORONI), né(e) en novembre 1989"
"CAPEOS AUDIT - 493 012 488
5710 | Laurent COUDRAY, né(e) en septembre 1967 | Richard MANIRAKIZA, né(e) en novembre 1962"
"KPMG SA - 775 726 417 | THGV - 534 682 653
5710"
"Jean-Philippe COLOMBIER (COLOMBIER), né(e) en novembre 1971 | Roger COLOMBIER (COLOMBIER), né(e) en mars 1948"
"Jean-Jacques ASTIER, né(e) en avril 1958"
"Eric DECELLE, né(e) en juillet 1956 | Catherine FRECAUT (DUPUIS), né(e) en novembre 1967 | Natale, Pompee, Raymond SCAGLIA, né(e) en octobre 1986 | BEAS - 315 172 445
5599 | CONSEILS AUDITEURS & ASSOCIES - 452 009 756
5499 | ALLIANS AUDITEURS & ASSOCIES - 482 186 574
5710 | DELOITTE & ASSOCIES - 572 028 041 | Jean-Noel LEFEUVRE, né(e) en décembre 1963 | Alain, Sebastien ALVAREZ, né(e) en octobre 1961 | Toni D'ANDREA, né(e) en octobre 1964 | Gerard, Alfred LA ROCCA, né(e) en octobre 1951 | Jerome LAY, né(e) en novembre 1971 | Yvon PELTANCHE, né(e) en novembre 1959 | Jean-Michel, Max, Bertrand PENCHARD, né(e) en septembre 1954 | Sylvie PEREZ, né(e) en mai 1966 | Remy PONS, né(e) en juin 1979 | Laurent ABITBOL, né(e) en octobre 1965"
"Gonzague, Louis, Marie MICHON, né(e) en octobre 1969"
"Keren ATTELANN, né(e) en janvier 1985 | Alain ATTELANN (ATTELANN), né(e) en mai 1950"
"Marc EISENBARTH (EISENBARTH), né(e) en septembre 1960"
""
"Le/la responsable du service numérique | React, Vue, Rails etc. | Typescript, Rails, Python etc. | Airflow, Python | Ansible, Scalingo, OVH | Relations avec les administrations | SEO, communication | Gestion du produit | UX, UI, Product designer | Outils de support"
"XENCO - 407 526 623
5499 | Frederic CAMPANA, né(e) en septembre 1966 | LEKER - 485 008 726
5499"
"Anne MADELINE, né(e) en septembre 1966 | Isabelle DEMOUGIN, né(e) en octobre 1966 | Samira ABBADI, né(e) en octobre 1970"
"Jerome GUILLEMOT, né(e) en août 1976"
"KPMG S.A - 775 726 417
5599 | Aymeric LE GRAND, né(e) en mars 1980"
"PRICEWATERHOUSECOOPERS AUDIT SA - 672 006 483
5599 | Nicolas CHARRIER, né(e) en mai 1978 | Loic TAULEMESSE, né(e) en avril 1965"
"PROCOMPTA SAS - 662 820 349
5710 | Christophe, Alain, Daniel MATHET, né(e) en juin 1967"
"Bianca LIARD, né(e) en novembre 1992 | Thierry BOURBON, né(e) en septembre 1967 | Vincent BERGMANN, né(e) en septembre 1969 | Andrea LIARD, né(e) en octobre 1993 | Angelique TINARELLI (BERTOLA FLEURDORGE), né(e) en octobre 1966 | Frank BAMELIS, né(e) en avril 1968"
"Julie, Marie, Colette CLEMENT, né(e) en mars 1983 | Fabienne VERLIAC (BRIARD), né(e) en octobre 1956 | MORAND INVEST - 829 165 349
5499"
"Magali, Roselyne, Louise GUILLAUME (RENAUD), né(e) en décembre 1973 | Bertrand, Eugene, Josephine GUILLAUME, né(e) en juin 1968 | Bertrand GUILLAUME (GUILLAUME), né(e) en juin 1968"
"Fabien LECONTE | CECOM AUDIT - 453 279 879
5499 | Francis, Alfred, Joseph GERMAIN, né(e) en août 1954 | Alexis, Denis, Francois GERMAIN, né(e) en mars 1985"
"Danielle, Helene, Fernande VIEILLE (VAUCHEZ), né(e) en octobre 1964"
"CABINET SALUSTRO-REYDEL
5599 | KPMG SA
5599 | Olivier LÉNÉ, né(e) en janvier 1967"
"Eddy PALAYER (PALAYER), né(e) en janvier 1980"
"Jean-Remy, Roger MONTET, né(e) en septembre 1977 | Jean, Remy MONTET (MONTET), né(e) en septembre 1977"
"Lise, Malvina HARDEMAN (ARNOUX), né(e) en juin 1981 | Aalbartus, Wouter HARDEMAN, né(e) en juillet 1980"
